name,gender
Mikazuki
Orga
Eugene
Shino
Biscuit
Takaki
Ride
Dante
Chad
Yamagi
McGillis
Gaelio
Ein
Iok
Vidar
Naze
Rustaboye
Altra
Kudelia
Amida
Lafter
Eco
Nadi
Jasley
Merribit
Almiria
Julieta
Fumitan
Mankanai
Bael
Agares
Vassago
Vassago
Marbas
Valefar
Amon
Barbatos
Paimon
Buer
Gusion
Sitri
Beleth
Leraje
Eligos
Zepar
Botis
Bathin
Sallos
Marax
Orobas
Bucon
Astaroth
Forneus
Foras
Asmoday
Gaap
Furfur
Marchosias
Stolas
Phenex
Halphas
Malphas
Raum
Focalor
Vepar
Sabnock
Shax
Vine
Bifrons
Uvall
Haagenti
Crocell
Furcas
Balam
Alloces
Caim
Murmur
Orobas
Gremory 
ose
Amy
Oriax
Vassago
Ipos
Achilles
Dantalion
Andromalius
Lilim
Flavros
Glasya-Labolas
Stygian
Vassago
Kali
Amsala
Hagiel
Abaddon
Baphomet
Mephistopheles
Beelzebub
Lucifer
Satan
Baphomet
Liam
Noah
Oliver
James
Elijah
Mateo
Theodore
Henry
Lucas
William
Benjamin
Levi
Sebastian
Jack
Ezra
Michael
Daniel
Leo
Owen
Samuel
Hudson
Alexander
Asher
Luca
Ethan
John
David
Jackson
Joseph
Mason
Luke
Matthew
Julian
Dylan
Elias
Jacob
Maverick
Gabriel
Logan
Aiden
Thomas
Isaac
Miles
Grayson
Santiago
Anthony
Wyatt
Carter
Jayden
Ezekiel
Caleb
Cooper
Josiah
Charles
Christopher
Isaiah
Nolan
Cameron
Nathan
Joshua
Kai
Waylon
Angel
Lincoln
Andrew
Roman
Adrian
Aaron
Wesley
Ian
Thiago
Axel
Brooks
Bennett
Weston
Rowan
Christian
Theo
Beau
Eli
Silas
Jonathan
Ryan
Leonardo
Walker
Jaxon
Micah
Everett
Robert
Enzo
Parker
Jeremiah
Jose
Colton
Luka
Easton
Landon
Jordan
Amir
Gael
Austin
Adam
Jameson
August
Xavier
Myles
Dominic
Damian
Nicholas
Jace
Carson
Atlas
Adriel
Kayden
Hunter
River
Greyson
Emmett
Harrison
Vincent
Milo
Jasper
Giovanni
Jonah
Zion
Connor
Sawyer
Arthur
Ryder
Archer
Lorenzo
Declan
Emiliano
Luis
Diego
George
Evan
Jaxson
Carlos
Graham
Juan
Kingston
Nathaniel
Matteo
Legend
Malachi
Jason
Leon
Dawson
Bryson
Amari
Calvin
Ivan
Chase
Cole
Ashton
Ace
Arlo
Dean
Brayden
Jude
Hayden
Max
Matias
Rhett
Jayce
Elliott
Alan
Braxton
Kaiden
Zachary
Jesus
Emmanuel
Adonis
Charlie
Judah
Tyler
Elliot
Antonio
Emilio
Camden
Stetson
Maxwell
Ryker
Justin
Kevin
Messiah
Finn
Bentley
Ayden
Zayden
Felix
Nicolas
Miguel
Maddox
Beckett
Tate
Caden
Beckham
Andres
Alejandro
Alex
Jesse
Brody
Tucker
Jett
Barrett
Knox
Hayes
Peter
Timothy
Joel
Edward
Griffin
Xander
Oscar
Victor
Abraham
Brandon
Abel
Richard
Callum
Riley
Patrick
Karter
Malakai
Eric
Grant
Israel
Milan
Gavin
Rafael
Tatum
Kairo
Elian
Kyrie
Louis
Lukas
Javier
Nico
Avery
Rory
Aziel
Ismael
Jeremy
Zayn
Cohen
Simon
Marcus
Steven
Mark
Dallas
Tristan
Lane
Blake
Paul
Paxton
Bryce
Nash
Crew
Kash
Kenneth
Omar
Colt
Lennox
King
Walter
Emerson
Phoenix
Jaylen
Derek
Muhammad
Ellis
Kaleb
Preston
Jorge
Zane
Kayson
Cade
Tobias
Otto
Kaden
Remington
Atticus
Finley
Holden
Jax
Cash
Martin
Ronan
Maximiliano
Malcolm
Romeo
Josue
Francisco
Bodhi
Cyrus
Koa
Angelo
Aidan
Jensen
Erick
Hendrix
Warren
Bryan
Cody
Leonel
Onyx
Ali
Andre
Jaziel
Clayton
Saint
Dante
Reid
Casey
Brian
Gideon
Niko
Maximus
Colter
Kyler
Brady
Zyaire
Cristian
Cayden
Harvey
Cruz
Dakota
Damien
Manuel
Anderson
Cairo
Colin
Joaquin
Ezequiel
Karson
Callan
Briggs
Khalil
Wade
Jared
Fernando
Ari
Colson
Kylian
Archie
Banks
Bowen
Kade
Daxton
Jaden
Rhys
Sonny
Zander
Eduardo
Iker
Sullivan
Bradley
Raymond
Odin
Spencer
Stephen
Prince
Brantley
Killian
Kamari
Cesar
Dariel
Eithan
Mathias
Ricardo
Orion
Titus
Luciano
Rylan
Pablo
Chance
Travis
Kohen
Marco
Jay
Malik
Hector
Edwin
Armani
Bodie
Shiloh
Marshall
Remy
Russell
Baylor
Kameron
Tyson
Grady
Oakley
Baker
Winston
Kane
Julius
Desmond
Royal
Sterling
Mario
Kylo
Sergio
Jake
Kashton
Shepherd
Franklin
Ibrahim
Ares
Koda
Lawson
Hugo
Kyle
Kyson
Kobe
Pedro
Santino
Wilder
Sage
Raiden
Damon
Nasir
Sean
Forrest
Kian
Reed
Tanner
Jalen
Apollo
Zayne
Nehemiah
Edgar
Johnny
Clark
Eden
Gunner
Isaias
Esteban
Hank
Alijah
Solomon
Wells
Sutton
Royce
Callen
Reece
Gianni
Noel
Quinn
Raphael
Corbin
Erik
Tripp
Atreus
Francis
Kayce
Callahan
Devin
Troy
Sylas
Fabian
Zaire
Donovan
Johnathan
Frank
Lewis
Moshe
Adan
Alexis
Tadeo
Ronin
Marcos
Kieran
Leonidas
Bo
Kendrick
Ruben
Camilo
Garrett
Matthias
Emanuel
Jeffrey
Collin
Lucian
Augustus
Memphis
Rowen
Yusuf
Finnegan
Makai
Lionel
Caiden
Rodrigo
Uriel
Lucca
Philip
Andy
Kaison
Jaiden
Porter
Jasiah
Ridge
Frederick
Amiri
Rocco
Asa
Ayaan
Kason
Denver
Dalton
Major
Valentino
Allen
Kolton
Zaiden
Ariel
Rome
Ford
Leland
Marcelo
Seth
Jamir
Leandro
Miller
Roberto
Alessandro
Gregory
Hezekiah
Jonas
Cassian
Deacon
Jaxton
Keanu
Alonzo
Moises
Conrad
Drew
Bruce
Mohamed
Anakin
Soren
Mack
Pierce
Kylan
Princeton
Zain
Trevor
Morgan
Ozzy
Roy
Dominick
Shane
Hamza
Moses
Dax
Lawrence
Ander
Ledger
Enrique
Rayan
Johan
Saul
Jamari
Armando
Kaysen
Samson
Azariah
Maximilian
Rio
Braylen
Julio
Mohammad
Cassius
Kasen
Maximo
Omari
Clay
Izaiah
Lian
Emir
Jaime
Samir
Gerardo
Kaizen
Zachariah
Jayson
Albert
Taylor
Sincere
Cillian
Gunnar
Boone
Raul
Jamie
Jayceon
Scott
Westin
Danny
Arjun
Kamden
Colby
Peyton
Koen
Nikolai
Dorian
Ocean
Louie
Layton
Ronald
Jase
Kyro
Benson
Davis
Huxley
Kenzo
Conor
Mohammed
Arturo
Phillip
Augustine
Reign
Yosef
Kareem
Keegan
Vicente
Salem
Reese
Fletcher
Shawn
Braylon
Alden
Julien
Cannon
Chaim
Gustavo
Boston
Zeke
Eliam
Corey
Dennis
Madden
Marvin
Elio
Krew
Ahmed
Layne
Nikolas
Mac
Otis
Harlan
Azriel
Emmitt
Brixton
Donald
Musa
Amos
Jamison
Dario
Roland
Zakai
Aarav
Caspian
Finnley
Raylan
Mauricio
Briar
Wilson
Chosen
Sam
Tru
Trace
Waylen
Quincy
Santana
Creed
Jakari
Westley
Amias
Azrael
Drake
Duke
Ahmad
Axton
Chandler
Hassan
Houston
Tommy
Eliseo
Dustin
Leonard
Kyree
Truett
Abdiel
Azael
Ezrah
Zamir
Dexter
Salvador
Uriah
Ryland
Zyair
Karim
Lee
Rhodes
Bruno
Case
Mylo
Valentin
Abram
Avyaan
Cal
Keith
Alvaro
Enoch
Trey
Clyde
Nathanael
Khai
Rex
Zaid
Dutton
Skyler
Tomas
Wylder
Darius
Crue
Jakai
Zayd
Gage
Riggs
Wayne
Jiraiya
Junior
Aryan
Carmelo
Conner
Alberto
Alfredo
Loyal
Douglas
Vincenzo
Aron
Casen
Forest
Avi
Bellamy
Emery
Bridger
Brock
Misael
Lennon
Zahir
Boden
Derrick
Dilan
Roger
Marcel
Rayden
Jefferson
Alvin
Kaiser
Blaze
Dillon
Magnus
Quentin
Ray
Dakari
Lachlan
Ty
Abdullah
Chris
Orlando
Yael
Gian
Benicio
Franco
Evander
Flynn
Harry
Robin
Sevyn
Hugh
Aries
Cason
Idris
Ambrose
Issac
Yehuda
Brycen
Cayson
Rey
Santos
Ben
Nelson
Wes
Westyn
Khaza
Bjorn
Kiaan
Seven
Watson
Gatlin
Izael
Stanley
Allan
Jahmir
Landen
Neil
Quinton
Chozen
Noe
Reuben
Damir
Bear
Jimmy
Kannon
Lance
Melvin
Remi
Yousef
Lochlan
Arian
Kenji
Khari
Rohan
Legacy
Olivia
Emma
Charlotte
Amelia
Sophia
Mia
Isabella
Ava
Evelyn
Luna
Harper
Sofia
Camila
Eleanor
Elizabeth
Violet
Scarlett
Emily
Hazel
Lily
Gianna
Aurora
Penelope
Aria
Nora
Chloe
Ellie
Mila
Avery
Layla
Abigail
Ella
Isla
Eliana
Nova
Madison
Zoe
Ivy
Grace
Lucy
Willow
Emilia
Riley
Naomi
Victoria
Stella
Elena
Hannah
Valentina
Maya
Zoey
Delilah
Leah
Lainey
Lillian
Paisley
Genesis
Madelyn
Sadie
Sophie
Leilani
Addison
Natalie
Josephine
Alice
Ruby
Claire
Kinsley
Everly
Emery
Adeline
Kennedy
Maeve
Audrey
Autumn
Athena
Eden
Iris
Anna
Eloise
Jade
Maria
Caroline
Brooklyn
Quinn
Aaliyah
Vivian
Liliana
Gabriella
Hailey
Sarah
Savannah
Cora
Madeline
Natalia
Ariana
Lydia
Lyla
Clara
Allison
Aubrey
Millie
Melody
Ayla
Serenity
Bella
Skylar
Josie
Lucia
Daisy
Raelynn
Eva
Juniper
Samantha
Elliana
Eliza
Rylee
Nevaeh
Hadley
Alaia
Parker
Julia
Amara
Rose
Charlie
Ashley
Remi
Georgia
Adalynn
Melanie
Amira
Margaret
Piper
Brielle
Mary
Freya
Cecilia
Esther
Arya
Sienna
Summer
Peyton
Sage
Valerie
Magnolia
Emersyn
Catalina
Margot
Everleigh
Alina
Sloane
Brianna
Oakley
Valeria
Blakely
Kehlani
Oaklynn
Ximena
Isabelle
Juliette
Emerson
Amaya
Elsie
Isabel
Mackenzie
Genevieve
Anastasia
Reagan
Katherine
Ember
June
Bailey
Andrea
Reese
Wrenley
Gemma
Ada
Alani
Callie
Kaylee
Olive
Rosalie
Myla
Alana
Ariella
Kaia
Ruth
Arianna
Sara
Jasmine
Phoebe
Adaline
River
Hallie
Adalyn
Wren
Presley
Lilah
Alora
Amy
Norah
Annie
Zuri
Alexandra
Sutton
Noelle
Kylie
Molly
Lia
Journee
Leia
Evangeline
Lila
Aspen
Saylor
Khloe
Aitana
Alaina
Haven
Aliyah
Blake
Kimberly
Vera
Ana
Kailani
Tatum
Arabella
Diana
Selena
Kiara
Harmony
Lilith
Rowan
Delaney
Vivienne
Zara
Collins
Harlow
Blair
Leila
Daphne
Faith
Lennon
Stevie
Mariana
Kaylani
Morgan
Juliana
Gracie
Nyla
Miriam
Daniela
Dahlia
Brynlee
Rachel
Angela
Lilly
Kamila
Samara
Ryleigh
Taylor
Dakota
Lola
Talia
Evie
Jordyn
Ophelia
Camille
Gia
Milani
Lena
Elaina
Malia
Elise
Celeste
Londyn
Palmer
Mabel
Octavia
Sawyer
Jane
Finley
Marley
Adelaide
Lucille
Shiloh
Antonella
Ariel
Poppy
Kali
Elianna
Juliet
Maisie
Cataleya
Danna
Aubree
Gabriela
Noa
Brooke
Celine
Alessia
Hope
Selah
Vanessa
Rory
Sydney
Amari
Teagan
Adriana
Payton
Rosemary
Laila
London girl
Angelina
Alayna
Kendall
Rebecca
Maggie
Adelyn
Evelynn
Thea
Amina
Tessa
Kayla
Esme
Mckenna
Nicole
Regina
Luciana
Julianna
Nayeli
Catherine
Alyssa
Journey
Dream
Camilla
Ariyah
Nina
Joanna
Mya
Annabelle
Esmeralda
Lauren
Fatima
Giselle
Harley
Jocelyn
Phoenix
Trinity
Malani
Heidi
Meadow
Raya
Paige
Jayla
Logan
Leighton
Charlee
Viviana
Madilyn
Raven
Amora
Navy
Itzel
Laura
Emory
Azalea
Hayden
Aniyah
Winter
Aurelia
Alivia
Brooklynn
Francesca
Serena
Lilliana
Gracelynn
Kalani
Aisha
Gwendolyn
Elaine
Nylah
Hattie
Wynter
Adelynn
Adelina
Alessandra
Mylah
Alayah
Anaya
Julieta
Rosie
Mariah
Demi
Raelyn
Sabrina
Helen
Everlee
Astrid
Fiona
Michelle
Xiomara
Briella
Alexandria
Frances
Sunny
Sarai
Alaya
Melissa
Veronica
Mira
Zariah
Brynn
Reign
Maryam
Lana
Arielle
Raegan
Remington
Salem
Elisa
Aylin
Emely
Carolina
Sylvie
Sylvia
Annalise
Willa
Mallory
Kira
Daniella
Elora
Saige
Carmen
Charli
Mckenzie
Matilda
Miracle
Destiny
Alicia
Elle
Colette
Anya
Madeleine
Oaklee
Skye
Cali
Daleyza
Alexis
Holly
Katalina
Miley
Alanna
Felicity
Joy
Helena
Makayla
Amirah
Maia
Armani
Alma
Anahi
Ari
Bianca
Scarlet
Amiyah
Dorothy
Stephanie
Fernanda
Briana
Alison
Lorelai
Renata
Macie
Makenna
Imani
Jimena
Kate
Liana
Cameron
Lyra
Maddison
Izabella
Amanda
Lorelei
Dayana
Gracelyn
Opal
Nadia
Brinley
Madelynn
Calliope
Paris
Camryn
Danielle
Cassidy
Cecelia
Haisley
Jordan
Faye
Marlee
Bonnie
Allie
Edith
Emmy
Mae
Kaliyah
Oakleigh
Meredith
Carter
Kamryn
Ariah
Maxine
Heaven
April
Blaire
Jennifer
Leona
Murphy
Ivory
Florence
Lexi
Angel
Alondra
Hanna
Rhea
Bristol
Amalia
Katie
Monroe
Emelia
Maliyah
Kora
Ariya
Mariam
Lyric
Makenzie
Frankie
Jacqueline
Jazlyn
Legacy
Margo
Clementine
Maren
Paislee
Alejandra
Sevyn
Jolene
Averie
Briar
Yaretzi
Gabrielle
Jessica
Rylie
Alia
Zahra
Emerie
Lilian
Arleth
Virginia
Avianna
Royalty
Azariah
Kenzie
Kyla
Sierra
Halo
Holland
Reyna
Thalia
Keira
Capri
Marina
Noemi
Amber
Miranda
Sariyah
Rosalia
Indie
Oaklyn
Anne
Mara
Lina
Wrenlee
Mina
Louise
Beatrice
Jovie
Ivanna
Nalani
Journi
Marceline
Ailani
Myra
Mavis
Aliana
Kinley
Ainsley
Jaylani
Eve
Iyla
Leyla
Alexa
Arlet
Lylah
Charleigh
Chaya
Cleo
Tiana
Estella
Nellie
Winnie
Yara
Mikayla
Dallas
Sasha
Scottie
Hadassah
Amani
Ila
Kaitlyn
Ellianna
Abby
Skyler
Amaia
Freyja
Romina
Lennox
Jenna
Kennedi
Kayleigh
Melany
Amoura
Mckinley
Angelica
Keilani
Michaela
Zariyah
Cassandra
Noah
Remy
Nia
Reina
Milan
Jazmin
Davina
Della
Dylan
Marie
Galilea
Violeta
Jaliyah
Jenesis
Melina
Isabela
Priscilla
Emberly
Erin
Aliza
Eileen
Shelby
Kelsey
Laney
Siena
Braelynn
Analia
Elliott
Rosa
Aleena
Leslie
Gloria
Kataleya
Martha
Irene
Clover
Penny
Ryan
Kaeli
Taytum
Karsyn
Kathryn
Estrella
Adrianna
Flora
Goldie
Halle
Haley
Sloan
Fallon
Macy
Vienna
Janelle
Elowyn
Megan
Azari
Maci
Aya
Kyra
Lillie
Milena
Birdie
Liv
Christina
Novah
Zelda
Paula
Julie
Selene
Khaleesi
Chelsea
Estelle
Karla
Chana
Marigold
Laurel
Promise
Rayna
Alisson
Bethany
Jemma
Yareli
Adalee
Andi
Coraline
Hana
Kiana
Madilynn
Monica
Charley
Dior
Arlette
Lara
Whitley
Love
Zaniyah
Inaya
Angie
Elodie
Nola
Rivka
Kendra
Marilyn
Aleah
Emerald
Persephone
Addilyn
Amayah
Bridget
Giana
Johanna
Kenna
Milana
Baylor
Brynleigh
Kensley
Zaria
Ellis
Aviana
Lacey
Leilany
Drew
Ezra
Lenora
Loretta
Adley
Novalee
Aila
Karina
Adhara
Georgina
Emmie
Theodora
Kelly
Kylee
Lottie
Malaysia
Paulina
Lakelynn
Dani
Denver
Dulce
Jamie
Sky
Carly
Kinslee
Marisol
Henley
Jayleen
Jream
Cheyenne
Maisy
Noor
Robin
Savanna
Ramona
Aileen
Kaiya
Emberlynn
Jessie
Zayla
Issei
Akeno
Koneko
Yuuto
Asia
Gasper
Ddraig
Albion
Sirechs
Grayfia
Rias,gitl
Sona
Tsubaki
Xenovia
Irina
Azazel
Michael
Raynare
Iska
Aliceliese
Mismis
Jhin
Nene
Risya
Nameless
Millavair
Sisbell
Elletear
Rin
Kissing
Masked Lord
Emperor
Naofumi
Raphtalia
Filo
Rishia
Kizuna
Glass
L'Arc
Therese
S'yne
Ethnobalt
Raph-chan
Atla
Fohl
Sadeena
Shildina
Wyndia
Keel
Imiya
Ost
Melty
Mirellia
motoyasu
Ren
Itsuki
Erhard
Beloukas
Elrasla
Eclair
Fitoria
Gaelion
Ruft
Yomogi
Kyo
Lerche
Viktor
Dalya
Raiden
Shinei
Vladilene
Isuka
Henritta
Theoto
Haryto
Kurena
Frederica
Kiriya
Shourei
Anju
Kaie
Shiden
